Fusion,MAP@10_mean,MAP@10_ci,nDCG@10_mean,nDCG@10_ci,Recall@50_mean,Recall@50_ci,HR@10_mean,HR@10_ci,AUC_mean,AUC_ci
Late-Mean,0.20925762399540668,0.0010121396478088717,0.27709377613994074,0.0010121396478088717,0.38975428011361407,0.0010121396478088717,0.25912053260365797,0.0010121396478088717,0.6861879301799205,0.0010121396478088717
SNF,0.3397338619881159,0.0010121396478088717,0.44073592266479644,0.0010121396478088717,0.5066911097973039,0.0010121396478088717,0.3772039345055203,0.0010121396478088717,0.7476540434097271,0.0010121396478088717
RA-SNF,0.4079726093296667,0.0010121396478088717,0.5253649119578204,0.0010121396478088717,0.5268357236825834,0.0010121396478088717,0.40759301511447704,0.0010121396478088717,0.7669857791979744,0.0010121396478088717
