BehaviorVariant,MAP@10_mean,MAP@10_ci,nDCG@10_mean,nDCG@10_ci,Recall@50_mean,Recall@50_ci,HR@10_mean,HR@10_ci,AUC_mean,AUC_ci
None,0.20996195828711786,0.0010121396478088717,0.2816623792535886,0.0010121396478088717,0.41410359866323654,0.0010121396478088717,0.258790432320234,0.0010121396478088717,0.6686244994550818,0.0010121396478088717
Asym-Cos,0.2635970279853439,0.0010121396478088717,0.4135504222658194,0.0010121396478088717,0.49769605775376946,0.0010121396478088717,0.3751087785888064,0.0010121396478088717,0.7552632819194693,0.0010121396478088717
RP3β,0.31677683993371886,0.0010121396478088717,0.47901050631023634,0.0010121396478088717,0.5051040623895968,0.0010121396478088717,0.38279904893183897,0.0010121396478088717,0.7537678975017638,0.0010121396478088717
Asym-Cos+Seq,0.34447771614097544,0.0010121396478088717,0.47265049729405817,0.0010121396478088717,0.554697526202107,0.0010121396478088717,0.4331248698517608,0.0010121396478088717,0.8045054391627067,0.0010121396478088717
RP3β+Seq,0.34340344102433207,0.0010121396478088717,0.4687701411938068,0.0010121396478088717,0.5486506885590694,0.0010121396478088717,0.4768717879807322,0.0010121396478088717,0.8059252533652972,0.0010121396478088717
Mini-RA-SNF,0.39621917240716675,0.0010121396478088717,0.5132425665357351,0.0010121396478088717,0.5606562233478981,0.0010121396478088717,0.48476551298970844,0.0010121396478088717,0.7857913268386544,0.0010121396478088717
