Fusion,MAP@10_mean,MAP@10_ci,nDCG@10_mean,nDCG@10_ci,Recall@50_mean,Recall@50_ci,HR@10_mean,HR@10_ci,AUC_mean,AUC_ci
Late-Mean,0.20094637237646004,0.0010121396478088717,0.3095889172568146,0.0010121396478088717,0.4510026584022816,0.0010121396478088717,0.29935646040940705,0.0010121396478088717,0.7039083386968552,0.0010121396478088717
SNF,0.31745971142297985,0.0010121396478088717,0.4264775942673105,0.0010121396478088717,0.49562299498974804,0.0010121396478088717,0.3724441353598056,0.0010121396478088717,0.7492923525531971,0.0010121396478088717
RA-SNF,0.3975631194074717,0.0010121396478088717,0.5215174984202677,0.0010121396478088717,0.5410121824176775,0.0010121396478088717,0.39925714504862936,0.0010121396478088717,0.7332873644328515,0.0010121396478088717
