Scene,MAP@10_mean,MAP@10_ci,nDCG@10_mean,nDCG@10_ci,Recall@50_mean,Recall@50_ci,HR@10_mean,HR@10_ci,AUC_mean,AUC_ci
Warm,0.5672681295663916,0.0010121396478088717,0.713115892065901,0.0010121396478088717,0.7615832175448024,0.0010121396478088717,0.6581992579512224,0.0010121396478088717,0.9363980478354741,0.0010121396478088717
Noise,0.3967955932802669,0.0010121396478088717,0.5112746296631077,0.0010121396478088717,0.5503388399675085,0.0010121396478088717,0.43489943114823093,0.0010121396478088717,0.7607148671851884,0.0010121396478088717
Cold,0.30414051589459784,0.0010121396478088717,0.4099369747014191,0.0010121396478088717,0.442704002856415,0.0010121396478088717,0.3631537232684156,0.0010121396478088717,0.7302381968375983,0.0010121396478088717
