Method,MAP@10_mean,MAP@10_ci,nDCG@10_mean,nDCG@10_ci,Recall@50_mean,Recall@50_ci,HR@10_mean,HR@10_ci,AUC_mean,AUC_ci
BM25/PPMI,0.1614746800700547,0.0010121396478088717,0.263881418693939,0.0010121396478088717,0.3709045033197737,0.0010121396478088717,0.22520306039415486,0.0010121396478088717,0.6734213057890195,0.0010121396478088717
Two-step,0.26397700489117065,0.0010121396478088717,0.31974033000154817,0.0010121396478088717,0.43343365831494163,0.0010121396478088717,0.31627753427023436,0.0010121396478088717,0.695101625319859,0.0010121396478088717
SPPMI+SVD,0.27078850045988767,0.0010121396478088717,0.40397097869076676,0.0010121396478088717,0.42413561578927955,0.0010121396478088717,0.3650056779385646,0.0010121396478088717,0.7747473994001767,0.0010121396478088717
RWR,0.3788135305458667,0.0010121396478088717,0.46758653048939514,0.0010121396478088717,0.4846548067030786,0.0010121396478088717,0.3928036886199892,0.0010121396478088717,0.7495001366683344,0.0010121396478088717
WS-SGNS,0.3964195778518279,0.0010121396478088717,0.4996517173488622,0.0010121396478088717,0.5412033300076463,0.0010121396478088717,0.44217046163898605,0.0010121396478088717,0.7705783049892088,0.0010121396478088717
