Sinkhorn,PopPenalty,topK,MAP@10_mean,MAP@10_ci,nDCG@10_mean,nDCG@10_ci,Recall@50_mean,Recall@50_ci,HR@10_mean,HR@10_ci,AUC_mean,AUC_ci
off,off,50,0.240255903395821,0.0010121396478088717,0.40445520633843746,0.0010121396478088717,0.421869896742876,0.0010121396478088717,0.31297816338439827,0.0010121396478088717,0.7972274387834213,0.0010121396478088717
on,off,50,0.3010944933708708,0.0010121396478088717,0.36736676105579774,0.0010121396478088717,0.4337858213621335,0.0010121396478088717,0.32994985987545966,0.0010121396478088717,0.7129290598400322,0.0010121396478088717
off,on,50,0.2400608539302992,0.0010121396478088717,0.36957951841428105,0.0010121396478088717,0.4594589487663214,0.0010121396478088717,0.3404762069755753,0.0010121396478088717,0.7541244204684178,0.0010121396478088717
on,on,50,0.30428237324631485,0.0010121396478088717,0.425202947558524,0.0010121396478088717,0.4807351505241063,0.0010121396478088717,0.3438061577224805,0.0010121396478088717,0.7702913255316984,0.0010121396478088717
on,on,100,0.2885571971484867,0.0010121396478088717,0.42926989033586577,0.0010121396478088717,0.5065059877704072,0.0010121396478088717,0.38260415756801597,0.0010121396478088717,0.8066601002171279,0.0010121396478088717
on,on,200,0.3082993607514673,0.0010121396478088717,0.402369530519014,0.0010121396478088717,0.5002717678214839,0.0010121396478088717,0.37214337445784146,0.0010121396478088717,0.7593398209539437,0.0010121396478088717
