Method,MAP@10_mean,MAP@10_ci,nDCG@10_mean,nDCG@10_ci,Recall@50_mean,Recall@50_ci,HR@10_mean,HR@10_ci,AUC_mean,AUC_ci
BM25/PPMI,0.1368676169736375,0.0010121396478088717,0.2781000273859955,0.0010121396478088717,0.376576472519953,0.0010121396478088717,0.2513617360954915,0.0010121396478088717,0.6368776523221024,0.0010121396478088717
Two-step,0.19554820239570744,0.0010121396478088717,0.304378486817635,0.0010121396478088717,0.4150074713157436,0.0010121396478088717,0.3020733329226233,0.0010121396478088717,0.7259700923176599,0.0010121396478088717
SPPMI+SVD,0.2584276936274776,0.0010121396478088717,0.3921085796686363,0.0010121396478088717,0.44493988406591906,0.0010121396478088717,0.34045558337091664,0.0010121396478088717,0.727390953174976,0.0010121396478088717
RWR,0.31205618847388006,0.0010121396478088717,0.4489580051680723,0.0010121396478088717,0.514703072205043,0.0010121396478088717,0.3718994214154443,0.0010121396478088717,0.8035649545446918,0.0010121396478088717
WS-SGNS,0.3763247433859906,0.0010121396478088717,0.504605412305178,0.0010121396478088717,0.5651780690796012,0.0010121396478088717,0.4473861264300553,0.0010121396478088717,0.8245222406066582,0.0010121396478088717
