Sinkhorn,PopPenalty,topK,MAP@10_mean,MAP@10_ci,nDCG@10_mean,nDCG@10_ci,Recall@50_mean,Recall@50_ci,HR@10_mean,HR@10_ci,AUC_mean,AUC_ci
off,off,50,0.260740486131481,0.0010121396478088717,0.36185546544458647,0.0010121396478088717,0.4601381146409483,0.0010121396478088717,0.32729884593179814,0.0010121396478088717,0.6789366612341508,0.0010121396478088717
on,off,50,0.2912422726375224,0.0010121396478088717,0.3368156783975686,0.0010121396478088717,0.4657408640773344,0.0010121396478088717,0.3545516638888571,0.0010121396478088717,0.7975980401464136,0.0010121396478088717
off,on,50,0.2710203585240242,0.0010121396478088717,0.3830734092738392,0.0010121396478088717,0.48626835385404993,0.0010121396478088717,0.3510376900265683,0.0010121396478088717,0.7563194974735501,0.0010121396478088717
on,on,50,0.29907480968882366,0.0010121396478088717,0.43314314367538437,0.0010121396478088717,0.4862077899426512,0.0010121396478088717,0.34315008336581615,0.0010121396478088717,0.7435406597592105,0.0010121396478088717
on,on,100,0.28826118703417886,0.0010121396478088717,0.4572806728340518,0.0010121396478088717,0.5433558967249291,0.0010121396478088717,0.35735597584382744,0.0010121396478088717,0.7777398015382768,0.0010121396478088717
on,on,200,0.3153609236641841,0.0010121396478088717,0.4088147599002486,0.0010121396478088717,0.45941406499905313,0.0010121396478088717,0.36985566354826666,0.0010121396478088717,0.7633273423640314,0.0010121396478088717
