Scene,MAP@10_mean,MAP@10_ci,nDCG@10_mean,nDCG@10_ci,Recall@50_mean,Recall@50_ci,HR@10_mean,HR@10_ci,AUC_mean,AUC_ci
Warm,0.5648073964476221,0.0010121396478088717,0.7629728143716583,0.0010121396478088717,0.7834563285094922,0.0010121396478088717,0.6452459631406039,0.0010121396478088717,0.9645375462721052,0.0010121396478088717
Noise,0.36688850770481063,0.0010121396478088717,0.4982915326684608,0.0010121396478088717,0.584300381000319,0.0010121396478088717,0.43168069361523165,0.0010121396478088717,0.8033878835214833,0.0010121396478088717
Cold,0.2865032798157168,0.0010121396478088717,0.38054494304611497,0.0010121396478088717,0.44313658400950573,0.0010121396478088717,0.379045709772357,0.0010121396478088717,0.7648071537970547,0.0010121396478088717
