BehaviorVariant,MAP@10_mean,MAP@10_ci,nDCG@10_mean,nDCG@10_ci,Recall@50_mean,Recall@50_ci,HR@10_mean,HR@10_ci,AUC_mean,AUC_ci
None,0.22437194560036788,0.0010121396478088717,0.3157170461386246,0.0010121396478088717,0.4325718601896654,0.0010121396478088717,0.28099423286426123,0.0010121396478088717,0.6715237499990959,0.0010121396478088717
Asym-Cos,0.3259107560792721,0.0010121396478088717,0.44860624080412,0.0010121396478088717,0.45421380100423936,0.0010121396478088717,0.3470854282141455,0.0010121396478088717,0.7100098754163494,0.0010121396478088717
RP3β,0.29085311656757284,0.0010121396478088717,0.429645633977621,0.0010121396478088717,0.4937420748379302,0.0010121396478088717,0.3620917237187143,0.0010121396478088717,0.7748313446618061,0.0010121396478088717
Asym-Cos+Seq,0.3367587688175806,0.0010121396478088717,0.4592418340639107,0.0010121396478088717,0.5083179268864617,0.0010121396478088717,0.40804599474084613,0.0010121396478088717,0.7842587011713041,0.0010121396478088717
RP3β+Seq,0.3433723886104406,0.0010121396478088717,0.5084937643208481,0.0010121396478088717,0.49274762615466844,0.0010121396478088717,0.4165541843711313,0.0010121396478088717,0.8382388940933768,0.0010121396478088717
Mini-RA-SNF,0.44555733271153636,0.0010121396478088717,0.5377854914547484,0.0010121396478088717,0.5836450921567045,0.0010121396478088717,0.4537682936413646,0.0010121396478088717,0.8187462223769828,0.0010121396478088717
