{
  "data_path": "./data/metadata_merged.csv",
  "n_total": 521735,
  "columns": [
    "Id",
    "Title",
    "Slug",
    "Tags",
    "CreatorUserId",
    "OwnerUserId",
    "OwnerOrganizationId",
    "CurrentDatasetVersionId",
    "CurrentDatasourceVersionId",
    "ForumId",
    "Type",
    "CreationDate",
    "LastActivityDate",
    "TotalViews",
    "TotalDownloads",
    "TotalVotes",
    "TotalKernels",
    "Medal",
    "MedalAwardDate",
    "Subtitle",
    "Description",
    "CreationDate_dt",
    "LastActivityDate_dt",
    "age_days",
    "days_since_last_activity",
    "active_30d",
    "has_tags",
    "TotalViews_log1p",
    "TotalDownloads_log1p",
    "TotalVotes_log1p",
    "TotalKernels_log1p"
  ],
  "has_tags_col": true,
  "has_desc_col": true,
  "tag_counts_desc": {
    "count": 521735.0,
    "mean": 1.4223830105321666,
    "std": 2.4397364685272134,
    "min": 0.0,
    "50%": 0.0,
    "75%": 2.0,
    "90%": 5.0,
    "95%": 7.0,
    "99%": 10.0,
    "max": 22.0
  },
  "vocab_tag_size": 680,
  "top_tags_preview": {
    "and": 68766.0,
    "model": 30805.0,
    "pre-trained": 30498.0,
    "business": 27014.0,
    "data": 25721.0,
    "science": 18765.0,
    "earth": 18556.0,
    "nature": 17261.0,
    "computer": 16574.0,
    "health": 13383.0,
    "arts": 11919.0,
    "entertainment": 11738.0,
    "tabular": 11687.0,
    "classification": 11258.0,
    "image": 11069.0,
    "text": 10056.0,
    "analysis": 10055.0,
    "education": 8809.0,
    "analytics": 8283.0,
    "beginner": 8030.0
  },
  "text_len_desc": {
    "count": 521735.0,
    "mean": 36.49522458719465,
    "std": 137.1091824953821,
    "min": 0.0,
    "50%": 0.0,
    "75%": 0.0,
    "90%": 104.0,
    "95%": 216.0,
    "99%": 585.0,
    "max": 16439.0
  },
  "behavior_stats": {
    "views": {
      "count": 521735.0,
      "mean": 1924.19898990867,
      "std": 28559.3962363627,
      "min": 0.0,
      "50%": 144.0,
      "75%": 889.0,
      "90%": 2136.0,
      "95%": 4724.299999999988,
      "99%": 24217.959999999846,
      "max": 11982528.0
    },
    "downloads": {
      "count": 521735.0,
      "mean": 258.20816889800375,
      "std": 4435.8913010607985,
      "min": 0.0,
      "50%": 8.0,
      "75%": 29.0,
      "90%": 153.0,
      "95%": 488.0,
      "99%": 3655.0,
      "max": 945656.0
    },
    "votes": {
      "count": 521735.0,
      "mean": 4.502176392229772,
      "std": 92.32234508468682,
      "min": 0.0,
      "50%": 0.0,
      "75%": 1.0,
      "90%": 6.0,
      "95%": 15.0,
      "99%": 62.0,
      "max": 53907.0
    },
    "kernels": {
      "count": 521735.0,
      "mean": 1.6653703508486108,
      "std": 34.76092797499477,
      "min": 0.0,
      "50%": 0.0,
      "75%": 1.0,
      "90%": 2.0,
      "95%": 4.0,
      "99%": 18.0,
      "max": 7488.0
    }
  },
  "simulation_plan": {
    "n_sim_datasets": 10000,
    "sim_tag_vocab": 500,
    "sim_text_vocab": 2000,
    "default_topK": 100,
    "rwr_alpha": 0.2,
    "sgns_dim": 128,
    "sgns_neg_k": 5,
    "window_max": 5,
    "walk_length": 40,
    "walk_repeat": 10,
    "time_decay_lambda": 0.01,
    "pop_penalty_beta": 0.4
  }
}